	pater	mater	filius	filia
ammianus.rerum_gestarum.part.14.tess	3	0	3	1
ammianus.rerum_gestarum.part.15.tess	1	0	1	0
ammianus.rerum_gestarum.part.16.tess	1	0	2	0
ammianus.rerum_gestarum.part.17.tess	0	0	1	0
ammianus.rerum_gestarum.part.18.tess	0	1	0	1
ammianus.rerum_gestarum.part.19.tess	1	0	2	0
ammianus.rerum_gestarum.part.20.tess	0	0	0	0
ammianus.rerum_gestarum.part.21.tess	0	0	0	0
ammianus.rerum_gestarum.part.22.tess	2	1	3	1
ammianus.rerum_gestarum.part.23.tess	1	1	1	0
ammianus.rerum_gestarum.part.24.tess	0	0	1	0
ammianus.rerum_gestarum.part.25.tess	1	1	1	0
ammianus.rerum_gestarum.part.26.tess	0	1	0	0
ammianus.rerum_gestarum.part.27.tess	0	0	2	0
ammianus.rerum_gestarum.part.28.tess	1	0	1	1
ammianus.rerum_gestarum.part.29.tess	0	0	2	1
ammianus.rerum_gestarum.part.30.tess	1	0	3	0
ammianus.rerum_gestarum.part.31.tess	1	0	1	0
anonymous.laudes_domini.tess	2	0	0	0
apuleius.apologia.tess	5	5	7	1
apuleius.florida.tess	1	1	0	0
apuleius.metamorphoses.part.1.tess	1	0	0	0
apuleius.metamorphoses.part.10.tess	3	0	1	0
apuleius.metamorphoses.part.11.tess	0	0	0	0
apuleius.metamorphoses.part.2.tess	0	0	1	0
apuleius.metamorphoses.part.3.tess	0	0	0	0
apuleius.metamorphoses.part.4.tess	1	1	0	1
apuleius.metamorphoses.part.5.tess	0	3	2	0
apuleius.metamorphoses.part.6.tess	1	0	1	2
apuleius.metamorphoses.part.7.tess	0	1	0	0
apuleius.metamorphoses.part.8.tess	0	1	0	0
apuleius.metamorphoses.part.9.tess	1	2	0	1
aristotle.economics_book_3.tess	0	0	1	1
augustine.de_doctrina_christiana.part.4.tess	2	1	0	0
augustine.epistulae_selections.part.1.1-10.tess	1	1	0	0
augustine.epistulae_selections.part.2.11-20.tess	1	3	0	0
augustine.epistulae_selections.part.3.21-30.tess	2	1	3	0
augustine.epistulae_selections.part.4.31-40.tess	1	0	3	0
augustine.epistulae_selections.part.5.41-50.tess	0	1	1	0
augustine.epistulae_selections.part.6.51-62.tess	5	1	1	3
aurelius_victor.de_caesaribus.tess	5	1	3	1
aurelius_victor.epitome_de_caesaribus.tess	7	2	12	1
ausonius.cento_nuptialis.tess	0	2	0	0
ausonius.commemoratio_professorum_burdigalensium.tess	1	0	0	0
ausonius.cupido_cruciatus.tess	0	1	0	0
ausonius.de_bissula.tess	0	0	0	0
ausonius.de_herediolo.tess	2	0	0	0
ausonius.de_xii_caesaribus.tess	1	0	1	0
ausonius.eclogarum_liber.tess	0	0	0	0
ausonius.ephemeris_id_est_totius_diei_negotium.tess	3	0	2	0
ausonius.epicedion_in_patrem.tess	1	0	1	1
ausonius.epigrammata_ausonii_de_diversis_rebus.tess	3	3	0	1
ausonius.epistularum.tess	8	0	2	0
ausonius.epitaphia_heroum_qui_bello_troico_interfuerunt.tess	3	2	1	0
ausonius.gratiarum_actio.tess	2	0	2	0
ausonius.griphus_ternarii_numeri.tess	0	0	0	0
ausonius.libri_de_fastis_conclusio.tess	0	0	0	0
ausonius.ludus_septem_sapientum.tess	0	0	0	0
ausonius.mosella.tess	1	0	0	0
ausonius.oratio_consulis_ausonii_versibus_rhopalicis.tess	1	0	0	0
ausonius.ordo_urbium_nobilium.tess	1	0	0	0
ausonius.parentalia.tess	8	4	5	1
ausonius.praefatiunculae.tess	1	0	1	0
ausonius.precationes.tess	2	0	0	0
ausonius.technopaegnion.tess	1	0	0	0
ausonius.versus_paschales_pro_augusto_dicti.tess	2	0	0	0
bede.historiam_ecclesiasticam_gentis_anglorum.part.1.tess	4	1	4	1
bede.historiam_ecclesiasticam_gentis_anglorum.part.2.tess	10	2	8	5
bede.historiam_ecclesiasticam_gentis_anglorum.part.3.tess	5	2	11	8
bede.historiam_ecclesiasticam_gentis_anglorum.part.4.tess	4	9	5	3
bede.historiam_ecclesiasticam_gentis_anglorum.part.5.tess	5	1	4	3
boethius.consolatio_philosophiae.part.1.tess	0	0	0	0
boethius.consolatio_philosophiae.part.2.tess	0	0	0	0
boethius.consolatio_philosophiae.part.3.tess	2	0	0	0
boethius.consolatio_philosophiae.part.4.tess	0	0	0	0
boethius.consolatio_philosophiae.part.5.tess	0	0	0	0
boethius.de_fide_catholica.tess	3	0	7	0
boethius.liber_de_persona_et_duabus_naturis_contra_eutychen_et_nestorium.tess	0	0	2	0
boethius.quomodo_substantiae_in_eo_quod_sint_bonae_sint_cum_non_sint_substantialia_bona.tess	0	0	0	0
boethius.quomodo_trinitas.tess	13	0	11	0
boethius.utrum_pater.tess	14	0	14	0
caesar.de_bello_civili.part.1.tess	1	0	3	0
caesar.de_bello_civili.part.2.tess	0	0	1	0
caesar.de_bello_civili.part.3.tess	0	0	4	1
caesar.de_bello_gallico.part.1.tess	3	0	0	1
caesar.de_bello_gallico.part.2.tess	0	0	0	0
caesar.de_bello_gallico.part.3.tess	0	0	0	0
caesar.de_bello_gallico.part.4.tess	0	0	0	0
caesar.de_bello_gallico.part.5.tess	1	0	2	0
caesar.de_bello_gallico.part.6.tess	0	0	0	0
caesar.de_bello_gallico.part.7.tess	2	0	2	0
caesar.de_bello_gallico.part.8.tess	0	0	0	0
caesar_augustus.res_gestae_divi_augusti.tess	1	0	2	0
catullus.carmina.tess	12	9	2	1
celsus.de_medicina.part.1.tess	0	0	0	0
celsus.de_medicina.part.2.tess	0	0	0	0
celsus.de_medicina.part.3.tess	0	0	0	0
celsus.de_medicina.part.4.tess	0	0	0	0
celsus.de_medicina.part.5.tess	0	0	0	0
celsus.de_medicina.part.6.tess	0	0	0	0
celsus.de_medicina.part.7.tess	1	0	0	0
celsus.de_medicina.part.8.tess	0	0	0	0
cicero.academica.tess	0	0	0	0
cicero.brutus.tess	5	0	17	2
cicero.cum_populo_gratias_egit.tess	0	0	2	0
cicero.de_amicitia.tess	0	0	0	0
cicero.de_divinatione.tess	11	3	3	1
cicero.de_domo_sua.tess	2	2	5	2
cicero.de_fato.tess	0	0	0	0
cicero.de_finibus_bonorum_et_malorum.part.1.tess	1	0	0	0
cicero.de_finibus_bonorum_et_malorum.part.2.tess	1	0	1	0
cicero.de_finibus_bonorum_et_malorum.part.3.tess	0	0	0	0
cicero.de_finibus_bonorum_et_malorum.part.4.tess	0	0	0	0
cicero.de_finibus_bonorum_et_malorum.part.5.tess	0	0	1	0
cicero.de_haruspicum_responso.tess	1	1	0	0
cicero.de_imperio_cn_pompei.tess	0	0	0	0
cicero.de_inventione.part.1.tess	0	3	0	0
cicero.de_inventione.part.2.tess	4	1	4	0
cicero.de_lege_agraria_contra_rullum.tess	0	0	1	0
cicero.de_natura_deorum.part.1.tess	2	0	1	0
cicero.de_natura_deorum.part.2.tess	2	1	0	0
cicero.de_natura_deorum.part.3.tess	7	1	4	3
cicero.de_officiis.part.1.tess	1	0	6	0
cicero.de_officiis.part.2.tess	0	0	0	0
cicero.de_officiis.part.3.tess	3	0	3	0
cicero.de_optimo_genere_oratorum.tess	0	0	0	0
cicero.de_oratore.part.1.tess	6	0	7	0
cicero.de_oratore.part.2.tess	9	6	4	0
cicero.de_oratore.part.3.tess	2	1	1	1
cicero.de_partitione_oratoria.tess	3	0	0	0
cicero.de_provinciis_consularibus.tess	1	0	0	0
cicero.de_republica.tess	7	2	5	3
cicero.de_senectute.tess	1	0	1	0
cicero.divinatio_in_c_verrem.part.1.tess	0	0	0	0
cicero.divinatio_in_c_verrem.part.2.tess	4	4	4	3
cicero.divinatio_in_c_verrem.part.3.tess	5	0	5	0
cicero.divinatio_in_c_verrem.part.4.tess	2	0	5	0
cicero.divinatio_in_c_verrem.part.5.tess	0	0	4	0
cicero.divinatio_in_c_verrem.part.6.tess	4	2	3	0
cicero.divinatio_in_q_caecilium.tess	0	0	0	0
cicero.epistulae_ad_familiares.part.1.ad_lentulum.tess	0	0	1	1
cicero.epistulae_ad_familiares.part.10.ad_plancum_et_ceteros.tess	0	0	0	0
cicero.epistulae_ad_familiares.part.11.at_brutum_et_ceteros.tess	0	0	0	0
cicero.epistulae_ad_familiares.part.12.ad_cassium_et_ceteros.tess	0	0	0	0
cicero.epistulae_ad_familiares.part.13.ad_memmium_et_ceteros.tess	0	0	1	1
cicero.epistulae_ad_familiares.part.14.ad_terentiam_uxorem.tess	1	0	1	0
cicero.epistulae_ad_familiares.part.15.ad_senatum_et_ceteros.tess	1	0	0	0
cicero.epistulae_ad_familiares.part.16.ad_tironem.tess	1	0	1	0
cicero.epistulae_ad_familiares.part.2.ad_curionem_et_ceteros.tess	0	0	0	0
cicero.epistulae_ad_familiares.part.3.ad_claudium_pulchrum.tess	0	0	2	0
cicero.epistulae_ad_familiares.part.4.ad_sulpicium_et_ceteros.tess	0	0	0	0
cicero.epistulae_ad_familiares.part.5.ad_metellum_et_ceteros.tess	0	0	0	0
cicero.epistulae_ad_familiares.part.6.ad_torquatum_et_ceteros.tess	0	0	2	0
cicero.epistulae_ad_familiares.part.7.ad_marium_et_ceteros.tess	0	0	1	0
cicero.epistulae_ad_familiares.part.8.caeli_epistulae_ad_ciceronem.tess	0	0	2	0
cicero.epistulae_ad_familiares.part.9.ad_varronem_et_ceteros.tess	1	1	0	0
cicero.in_catilinam.tess	1	0	1	1
cicero.in_l_pisonem.tess	3	1	0	1
cicero.in_vatinium.tess	0	0	0	0
cicero.letters_to_atticus.part.1.tess	2	1	3	0
cicero.letters_to_atticus.part.10.tess	2	0	2	0
cicero.letters_to_atticus.part.11.tess	0	0	3	1
cicero.letters_to_atticus.part.12.tess	3	0	2	0
cicero.letters_to_atticus.part.13.tess	3	0	2	0
cicero.letters_to_atticus.part.14.tess	1	0	4	0
cicero.letters_to_atticus.part.15.tess	4	0	2	1
cicero.letters_to_atticus.part.16.tess	1	0	2	1
cicero.letters_to_atticus.part.2.tess	0	0	4	0
cicero.letters_to_atticus.part.3.tess	0	0	0	0
cicero.letters_to_atticus.part.4.tess	0	0	0	1
cicero.letters_to_atticus.part.5.tess	0	0	2	1
cicero.letters_to_atticus.part.6.tess	2	0	3	0
cicero.letters_to_atticus.part.7.tess	0	0	0	0
cicero.letters_to_atticus.part.8.tess	0	0	0	0
cicero.letters_to_atticus.part.9.tess	0	1	4	1
cicero.letters_to_brutus.tess	2	1	4	0
cicero.letters_to_quintus.tess	2	1	3	0
cicero.lucullus.tess	0	2	0	0
cicero.orator.tess	1	0	0	0
cicero.paradoxa_stoicorum_ad_m_brutum.tess	0	1	0	0
cicero.philippicae.part.1.tess	0	0	1	0
cicero.philippicae.part.10.tess	0	0	2	0
cicero.philippicae.part.11.tess	0	0	0	0
cicero.philippicae.part.12.tess	0	0	1	0
cicero.philippicae.part.13.tess	2	0	5	0
cicero.philippicae.part.14.tess	0	0	0	0
cicero.philippicae.part.2.tess	2	1	3	0
cicero.philippicae.part.3.tess	4	1	0	1
cicero.philippicae.part.4.tess	0	0	0	0
cicero.philippicae.part.5.tess	0	0	4	0
cicero.philippicae.part.6.tess	0	0	0	0
cicero.philippicae.part.7.tess	0	0	0	0
cicero.philippicae.part.8.tess	1	0	0	0
cicero.philippicae.part.9.tess	0	0	1	0
cicero.post_reditum_in_senatu.tess	0	0	2	0
cicero.pro_a_caecina.tess	3	0	3	0
cicero.pro_a_cluentio.tess	6	17	8	2
cicero.pro_archia.tess	0	0	0	0
cicero.pro_balbo.tess	3	0	1	0
cicero.pro_c_rabirio.tess	1	0	0	0
cicero.pro_c_rabirio_postumo.tess	1	0	3	0
cicero.pro_fonteio.tess	1	0	0	0
cicero.pro_l_flacco.tess	2	2	4	1
cicero.pro_ligario.tess	0	0	0	0
cicero.pro_m_caelio.tess	2	1	0	0
cicero.pro_marcello.tess	0	0	0	0
cicero.pro_milone.tess	0	0	0	0
cicero.pro_murena.tess	3	0	4	0
cicero.pro_plancio.tess	10	1	2	0
cicero.pro_publio_quinctio.tess	2	0	1	0
cicero.pro_q_roscio_comoedo.tess	0	0	0	0
cicero.pro_rege_deiotaro.tess	2	0	0	0
cicero.pro_s_roscio.tess	9	0	5	1
cicero.pro_scauro.tess	0	0	0	0
cicero.pro_sestio.tess	2	0	2	1
cicero.pro_sulla.tess	4	0	3	0
cicero.pro_tullio.tess	2	0	0	0
cicero.timaeus.tess	0	0	0	0
cicero.topica.tess	1	0	1	0
cicero.tusculanae_disputationes.part.1.tess	1	1	1	1
cicero.tusculanae_disputationes.part.2.tess	0	0	0	0
cicero.tusculanae_disputationes.part.3.tess	0	0	0	0
cicero.tusculanae_disputationes.part.4.tess	1	0	1	0
cicero.tusculanae_disputationes.part.5.tess	1	0	0	1
claudian.carmina_minora.tess	13	6	3	0
claudian.de_bello_gildonico.tess	5	1	0	0
claudian.de_bello_gothico.tess	0	0	0	0
claudian.de_consulatu_stilichonis.part.1.tess	2	0	0	0
claudian.de_consulatu_stilichonis.part.2.tess	0	1	0	0
claudian.de_consulatu_stilichonis.part.3.tess	0	1	0	0
claudian.de_raptu_proserpinae.part.1.tess	1	1	0	0
claudian.de_raptu_proserpinae.part.2.tess	2	1	0	0
claudian.de_raptu_proserpinae.part.3.tess	1	2	0	0
claudian.epithalamium_de_nuptiis_honorii_augusti.tess	0	1	0	0
claudian.in_consulatum_olybrii_et_probini.tess	1	0	0	0
claudian.in_eutropium.part.1.tess	1	1	0	0
claudian.in_eutropium.part.2.tess	3	1	0	0
claudian.in_rufinum.part.1.tess	1	0	0	0
claudian.in_rufinum.part.2.tess	1	0	0	0
claudian.panegyricus_de_quarto_consulatu_honorii_augusti.tess	2	1	0	0
claudian.panegyricus_de_sexto_consulatu_honorii_augusti.tess	1	1	0	0
claudian.panegyricus_de_tertio_consulatu_honorii_augusti.tess	1	0	1	0
claudian.panegyricus_dictus_manlio_theodoro_consuli.tess	0	0	1	0
columella.de_re_rustica.part.1.tess	3	0	0	0
columella.de_re_rustica.part.2.tess	0	0	0	0
columella.de_re_rustica.part.3.tess	1	1	0	0
columella.de_re_rustica.part.4.tess	0	1	0	0
columella.de_re_rustica.part.5.tess	0	0	0	0
columella.de_re_rustica.part.6.tess	0	2	0	0
columella.de_re_rustica.part.7.tess	0	2	0	0
columella.de_re_rustica.part.8.tess	0	1	0	0
columella.de_re_rustica.part.9.tess	0	0	0	0
corippus.johannis.part.1.tess	6	1	0	2
corippus.johannis.part.2.tess	4	0	0	0
corippus.johannis.part.3.tess	3	0	0	0
corippus.johannis.part.4.tess	4	0	0	0
corippus.johannis.part.5.tess	1	1	0	0
corippus.johannis.part.6.tess	5	1	0	0
corippus.johannis.part.7.tess	8	0	0	0
corippus.johannis.part.8.tess	4	0	0	0
curtius_rufus.historiae_alexandri_magni.part.10.tess	0	2	1	0
curtius_rufus.historiae_alexandri_magni.part.3.tess	2	5	3	1
curtius_rufus.historiae_alexandri_magni.part.4.tess	1	2	1	0
curtius_rufus.historiae_alexandri_magni.part.5.tess	0	2	1	0
curtius_rufus.historiae_alexandri_magni.part.6.tess	5	0	4	0
curtius_rufus.historiae_alexandri_magni.part.7.tess	1	1	1	0
curtius_rufus.historiae_alexandri_magni.part.8.tess	3	3	0	1
curtius_rufus.historiae_alexandri_magni.part.9.tess	0	1	0	0
dracontius.de_laudibus_dei.part.1.tess	1	1	0	0
dracontius.de_laudibus_dei.part.2.tess	2	4	0	0
dracontius.de_laudibus_dei.part.3.tess	10	0	0	0
dracontius.orestes.tess	4	10	0	1
dracontius.romulea.part.1.tess	1	0	0	0
dracontius.romulea.part.10.tess	2	6	0	1
dracontius.romulea.part.2.tess	0	2	0	0
dracontius.romulea.part.3.tess	0	0	0	0
dracontius.romulea.part.4.tess	0	0	0	0
dracontius.romulea.part.5.tess	1	1	1	0
dracontius.romulea.part.6.tess	0	0	0	0
dracontius.romulea.part.7.tess	0	1	0	0
dracontius.romulea.part.8.tess	8	11	0	0
dracontius.romulea.part.9.tess	2	2	0	0
dracontius.romulea.part.fragments.tess	0	0	0	0
dracontius.satisfactio.tess	1	0	0	0
ennius.annales.tess	13	0	1	0
ennodius.opera.tess	5	2	2	0
eutropius.brevarium.tess	7	3	23	1
florus.epitome_bellorum_omnium_annorum.tess	10	2	7	2
gellius.attic_nights.part.1.tess	2	2	0	0
gellius.attic_nights.part.10.tess	1	0	0	1
gellius.attic_nights.part.11.tess	0	0	0	0
gellius.attic_nights.part.12.tess	1	1	2	0
gellius.attic_nights.part.13.tess	4	0	2	0
gellius.attic_nights.part.14.tess	1	1	0	0
gellius.attic_nights.part.15.tess	1	0	0	0
gellius.attic_nights.part.16.tess	0	0	1	0
gellius.attic_nights.part.17.tess	1	0	2	0
gellius.attic_nights.part.18.tess	0	1	0	0
gellius.attic_nights.part.19.tess	0	0	0	0
gellius.attic_nights.part.2.tess	12	4	1	1
gellius.attic_nights.part.20.tess	0	0	0	0
gellius.attic_nights.part.3.tess	0	1	2	0
gellius.attic_nights.part.4.tess	0	0	2	0
gellius.attic_nights.part.5.tess	1	0	3	0
gellius.attic_nights.part.6.tess	1	0	1	0
gellius.attic_nights.part.7.tess	1	0	3	0
gellius.attic_nights.part.8.tess	0	0	0	0
gellius.attic_nights.part.9.tess	0	0	1	0
gellius.attic_nights.part.pr.tess	0	0	0	0
glass.washingtonii_vita.tess	5	0	2	0
horace.ars_poetica.tess	2	0	1	0
horace.carmen_saeculare.tess	0	0	0	0
horace.epistles.tess	5	2	0	0
horace.epodes.tess	2	1	0	0
horace.odes.part.1.tess	6	1	1	2
horace.odes.part.2.tess	0	0	0	0
horace.odes.part.3.tess	7	0	2	1
horace.odes.part.4.tess	1	2	1	0
horace.satires.part.1.tess	11	2	5	0
horace.satires.part.2.tess	7	4	5	1
italicus.ilias_latina.tess	6	0	1	0
jerome.epistulae.tess	114	69	155	67
jerome.vulgate.part.1.genesis.tess	45	6	29	19
jerome.vulgate.part.10.2_samuel.tess	3	1	71	8
jerome.vulgate.part.11.1_kings.tess	21	3	66	4
jerome.vulgate.part.12.1_chronicles.tess	19	2	182	6
jerome.vulgate.part.13.2_kings.tess	19	4	66	14
jerome.vulgate.part.14.2_chronicles.tess	26	2	54	8
jerome.vulgate.part.15.ezra.tess	0	0	23	0
jerome.vulgate.part.16.nehemiah.tess	0	0	92	0
jerome.vulgate.part.17.tobias.tess	12	4	10	4
jerome.vulgate.part.18.judith.tess	1	0	3	4
jerome.vulgate.part.19.esther.tess	0	0	2	2
jerome.vulgate.part.2.exodus.tess	1	0	8	3
jerome.vulgate.part.20.job.tess	5	1	4	0
jerome.vulgate.part.21.psalms.tess	3	2	7	2
jerome.vulgate.part.21a.old_latin_psalms.tess	3	3	6	3
jerome.vulgate.part.21b.psalm.tess	0	0	0	0
jerome.vulgate.part.22.proverbs.tess	4	3	10	0
jerome.vulgate.part.23.ecclesiastes.tess	0	0	0	0
jerome.vulgate.part.24.song_of_songs.tess	0	2	0	1
jerome.vulgate.part.25.wisdom.tess	3	1	2	0
jerome.vulgate.part.26.sirach.tess	6	3	8	5
jerome.vulgate.part.27.isaiah.tess	7	1	19	9
jerome.vulgate.part.28.jeremiah.tess	6	4	53	11
jerome.vulgate.part.29.lamentations.tess	0	0	0	8
jerome.vulgate.part.3.leviticus.tess	0	2	1	6
jerome.vulgate.part.30.baruch.tess	0	0	3	0
jerome.vulgate.part.31.ezekiel.tess	4	5	6	2
jerome.vulgate.part.32.daniel.tess	0	0	0	0
jerome.vulgate.part.33.hosea.tess	0	1	1	0
jerome.vulgate.part.34.joel.tess	0	0	0	0
jerome.vulgate.part.35.amos.tess	1	0	2	0
jerome.vulgate.part.36.obadiah.tess	0	0	0	0
jerome.vulgate.part.37.jonah.tess	0	0	0	0
jerome.vulgate.part.38.micah.tess	0	0	2	4
jerome.vulgate.part.39.nahum.tess	0	0	0	0
jerome.vulgate.part.4.numbers.tess	6	0	87	1
jerome.vulgate.part.40.habbakuk.tess	0	0	0	0
jerome.vulgate.part.41.zephoniah.tess	0	0	0	2
jerome.vulgate.part.42.haggaiah.tess	0	0	2	0
jerome.vulgate.part.43.zechariah.tess	2	2	0	3
jerome.vulgate.part.44.malachi.tess	2	0	1	0
jerome.vulgate.part.45.1_maccabees.tess	3	0	16	1
jerome.vulgate.part.46.2_maccabees.tess	2	2	1	0
jerome.vulgate.part.47.matthew.tess	24	10	39	5
jerome.vulgate.part.48.mark.tess	6	6	19	7
jerome.vulgate.part.49.luke.tess	29	9	41	5
jerome.vulgate.part.5.deuteronomy.tess	3	1	15	6
jerome.vulgate.part.50.john.tess	60	6	31	1
jerome.vulgate.part.51.acts.tess	3	0	6	1
jerome.vulgate.part.52.romans.tess	5	0	2	0
jerome.vulgate.part.53.1_corinthians.tess	1	0	2	0
jerome.vulgate.part.54.2_corinthians.tess	3	0	1	0
jerome.vulgate.part.55.galatians.tess	1	1	3	0
jerome.vulgate.part.56.ephesians.tess	3	0	0	0
jerome.vulgate.part.57.philippians.tess	0	0	1	0
jerome.vulgate.part.58.colossians.tess	0	0	0	0
jerome.vulgate.part.59.1_thessalonians.tess	2	0	0	0
jerome.vulgate.part.6.joshua.tess	1	0	12	0
jerome.vulgate.part.60.2_thessalonians.tess	1	0	1	0
jerome.vulgate.part.61.1_timothy.tess	0	0	0	0
jerome.vulgate.part.62.2_timothy.tess	0	0	0	0
jerome.vulgate.part.63.titus.tess	0	0	0	0
jerome.vulgate.part.64.philemon.tess	0	0	0	0
jerome.vulgate.part.65.hebrews.tess	1	0	6	0
jerome.vulgate.part.66.james.tess	1	0	0	0
jerome.vulgate.part.67.1_peter.tess	1	0	1	0
jerome.vulgate.part.68.2_peter.tess	0	0	1	0
jerome.vulgate.part.69.1_john.tess	2	0	4	0
jerome.vulgate.part.7.judges.tess	5	3	26	2
jerome.vulgate.part.70.2_john.tess	0	0	0	0
jerome.vulgate.part.71.3_john.tess	0	0	0	0
jerome.vulgate.part.72.jude.tess	0	0	0	0
jerome.vulgate.part.73.apocalypse.tess	0	1	3	0
jerome.vulgate.part.73a.epistle_of_paul_to_the_laodicians.tess	0	0	0	0
jerome.vulgate.part.74.1_esdras.tess	0	0	22	0
jerome.vulgate.part.75.2_esdras.tess	4	7	8	0
jerome.vulgate.part.76.prayer_of_manasseh.tess	0	0	0	0
jerome.vulgate.part.8.ruth.tess	1	0	1	7
jerome.vulgate.part.9.1_samuel.tess	18	3	27	5
juvenal.satires.tess	21	6	11	4
juvencus.historia_evangelica.part.1.tess	3	3	0	0
juvencus.historia_evangelica.part.2.tess	1	4	1	0
juvencus.historia_evangelica.part.3.tess	0	0	4	1
juvencus.historia_evangelica.part.4.tess	4	0	1	0
livy.ab_urbe_condita.part.1.books_1-10.tess	29	5	24	8
livy.ab_urbe_condita.part.2.books_21-30.tess	18	2	25	5
livy.ab_urbe_condita.part.3.books_31-40.tess	26	4	24	4
livy.ab_urbe_condita.part.4.books_41-45.tess	7	0	17	1
lucan.bellum_civile.part.1.tess	0	0	0	0
lucan.bellum_civile.part.10.tess	0	0	0	0
lucan.bellum_civile.part.2.tess	1	1	0	0
lucan.bellum_civile.part.3.tess	0	0	0	0
lucan.bellum_civile.part.4.tess	0	0	0	0
lucan.bellum_civile.part.5.tess	0	0	0	0
lucan.bellum_civile.part.6.tess	1	0	0	0
lucan.bellum_civile.part.7.tess	1	0	0	0
lucan.bellum_civile.part.8.tess	0	0	0	0
lucan.bellum_civile.part.9.tess	0	0	0	0
lucretius.de_rerum_natura.part.1.tess	1	1	0	0
lucretius.de_rerum_natura.part.2.tess	1	4	0	0
lucretius.de_rerum_natura.part.3.tess	1	0	0	0
lucretius.de_rerum_natura.part.4.tess	1	0	0	0
lucretius.de_rerum_natura.part.5.tess	1	1	0	0
lucretius.de_rerum_natura.part.6.tess	0	0	0	0
macrobius.fragment.tess	0	0	0	0
macrobius.saturnalia.part.1.tess	9	4	1	2
macrobius.saturnalia.part.2.tess	4	2	1	4
macrobius.saturnalia.part.3.tess	2	1	1	0
macrobius.saturnalia.part.4.tess	2	0	0	0
macrobius.saturnalia.part.5.tess	5	2	2	1
macrobius.saturnalia.part.6.tess	7	1	0	0
macrobius.saturnalia.part.7.tess	1	0	0	0
manilius.astronomicon.part.1.tess	2	0	1	0
manilius.astronomicon.part.2.tess	1	1	0	0
manilius.astronomicon.part.3.tess	0	0	0	0
manilius.astronomicon.part.4.tess	1	0	1	0
manilius.astronomicon.part.5.tess	1	1	0	0
marcus_mincuius_felix.octavius.tess	2	3	3	1
martial.epigrams.part.1.tess	1	0	0	0
martial.epigrams.part.10.tess	2	1	0	0
martial.epigrams.part.11.tess	2	1	0	2
martial.epigrams.part.12.tess	2	0	0	0
martial.epigrams.part.13.tess	0	0	0	2
martial.epigrams.part.14.tess	1	0	1	1
martial.epigrams.part.2.tess	0	1	0	0
martial.epigrams.part.3.tess	2	0	0	0
martial.epigrams.part.4.tess	1	3	0	0
martial.epigrams.part.5.tess	3	1	0	1
martial.epigrams.part.6.tess	1	0	0	2
martial.epigrams.part.7.tess	0	0	0	2
martial.epigrams.part.8.tess	1	0	0	0
martial.epigrams.part.9.tess	6	0	0	0
nepos.vitae.tess	14	6	20	1
ovid.amores.part.1.tess	1	2	3	0
ovid.amores.part.2.tess	1	1	0	0
ovid.amores.part.3.tess	4	7	0	0
ovid.ars_amatoria.part.1.tess	6	4	0	2
ovid.ars_amatoria.part.2.tess	6	2	0	0
ovid.ars_amatoria.part.3.tess	1	1	0	0
ovid.ex_ponto.part.1.tess	1	1	0	0
ovid.ex_ponto.part.2.tess	5	2	3	0
ovid.ex_ponto.part.3.tess	1	1	1	0
ovid.ex_ponto.part.4.tess	0	0	0	1
ovid.fasti.part.1.tess	4	1	0	0
ovid.fasti.part.2.tess	10	8	1	1
ovid.fasti.part.3.tess	6	4	0	1
ovid.fasti.part.4.tess	2	12	3	7
ovid.fasti.part.5.tess	6	7	0	0
ovid.fasti.part.6.tess	3	5	0	3
ovid.heroides.part.1.1-15.tess	26	21	1	5
ovid.heroides.part.2.16-21.tess	6	6	0	3
ovid.ibis.tess	4	1	1	4
ovid.medicamina_faciei_femineae.tess	0	0	0	1
ovid.metamorphoses.part.1.tess	7	0	2	1
ovid.metamorphoses.part.10.tess	3	1	0	3
ovid.metamorphoses.part.11.tess	3	1	0	1
ovid.metamorphoses.part.12.tess	2	1	0	0
ovid.metamorphoses.part.13.tess	7	4	2	1
ovid.metamorphoses.part.14.tess	3	0	0	2
ovid.metamorphoses.part.15.tess	3	1	0	0
ovid.metamorphoses.part.2.tess	11	2	0	2
ovid.metamorphoses.part.3.tess	3	3	0	0
ovid.metamorphoses.part.4.tess	3	4	0	3
ovid.metamorphoses.part.5.tess	0	2	0	4
ovid.metamorphoses.part.6.tess	3	7	0	2
ovid.metamorphoses.part.7.tess	8	1	0	0
ovid.metamorphoses.part.8.tess	8	2	0	2
ovid.metamorphoses.part.9.tess	6	4	0	2
ovid.remedia_amoris.tess	3	5	1	2
ovid.tristia.part.1.tess	0	0	0	0
ovid.tristia.part.2.tess	3	3	0	0
ovid.tristia.part.3.tess	7	0	1	0
ovid.tristia.part.4.tess	3	0	0	1
ovid.tristia.part.5.tess	1	0	0	0
paulus_diaconus.carmina.tess	26	3	0	2
persius.satires.tess	3	0	1	0
petronius.satyricon.tess	13	6	4	0
plautus.amphitruo.tess	21	0	1	1
plautus.asinaria.tess	11	15	4	0
plautus.aulularia.tess	5	7	1	4
plautus.bacchides.tess	19	0	11	0
plautus.captivi.tess	20	0	8	0
plautus.casina.tess	4	1	5	1
plautus.cistellaria.tess	8	11	1	8
plautus.curculio.tess	3	2	0	0
plautus.epidicus.tess	9	2	6	8
plautus.menaechmi.tess	13	2	0	4
plautus.mercator.tess	31	5	4	0
plautus.miles_gloriosus.tess	1	2	0	0
plautus.mostellaria.tess	17	0	6	0
plautus.persa.tess	14	1	0	1
plautus.poenulus.tess	16	2	3	0
plautus.pseudolus.tess	3	0	2	0
plautus.rudens.tess	5	3	0	5
plautus.stichus.tess	15	1	0	0
plautus.trinummus.tess	25	0	6	1
plautus.truculentus.tess	4	3	2	1
pliny_the_elder.naturalis_historia.part.1.books_1-5.tess	2	2	0	1
pliny_the_elder.naturalis_historia.part.2.books_6-10.tess	7	7	20	5
pliny_the_elder.naturalis_historia.part.3.books_11-15.tess	1	0	3	1
pliny_the_elder.naturalis_historia.part.4.books_16-20.tess	1	1	0	0
pliny_the_elder.naturalis_historia.part.5.books_21-25.tess	1	1	0	1
pliny_the_elder.naturalis_historia.part.6.books_26-30.tess	0	0	0	1
pliny_the_elder.naturalis_historia.part.7.books_31-37.tess	9	4	13	6
pliny_the_younger.letters.part.1.tess	2	0	0	0
pliny_the_younger.letters.part.10.tess	1	1	1	0
pliny_the_younger.letters.part.2.tess	7	1	0	0
pliny_the_younger.letters.part.3.tess	2	0	5	1
pliny_the_younger.letters.part.4.tess	2	0	2	1
pliny_the_younger.letters.part.5.tess	2	2	0	1
pliny_the_younger.letters.part.6.tess	2	5	0	0
pliny_the_younger.letters.part.7.tess	1	2	0	0
pliny_the_younger.letters.part.8.tess	2	1	0	1
pliny_the_younger.letters.part.9.tess	2	1	3	0
polignac.antilucretius.tess	13	6	3	5
polignac.epia.tess	15	1	4	1
polignac.imitatio.tess	6	3	0	0
priscian.carmen_in_laudem_Anastasii_imperatoris.part.1.tess	2	0	0	0
priscian.carmen_in_laudem_Anastasii_imperatoris.part.preface.tess	0	0	0	0
priscian.carmen_in_laudem_Anastasii_imperatoris.tess	2	0	0	0
priscian.perihegesis.tess	0	1	1	0
propertius.elegies.tess	9	10	2	3
prudentius.apotheosis.tess	21	2	22	0
prudentius.contra_symmachum.part.1.tess	0	1	0	0
prudentius.contra_symmachum.part.2.tess	1	0	0	0
prudentius.dittochaeon.tess	0	0	0	0
prudentius.epilogus.tess	0	0	0	0
prudentius.hamartigenia.tess	11	2	3	0
prudentius.psychomachia.tess	1	1	2	0
pseudo_cicero.in_sallustium.tess	0	0	0	0
pseudo_quintilian.major_declamations.tess	193	108	83	0
q_cicero.on_running_for_consul.tess	0	0	0	0
quintilian.institutio_oratoria.part.1.tess	2	0	0	1
quintilian.institutio_oratoria.part.10.tess	0	0	0	0
quintilian.institutio_oratoria.part.11.tess	5	2	1	1
quintilian.institutio_oratoria.part.12.tess	0	0	0	0
quintilian.institutio_oratoria.part.2.tess	1	0	0	0
quintilian.institutio_oratoria.part.3.tess	2	1	5	0
quintilian.institutio_oratoria.part.4.tess	5	2	5	0
quintilian.institutio_oratoria.part.5.tess	5	1	4	1
quintilian.institutio_oratoria.part.6.tess	2	0	2	0
quintilian.institutio_oratoria.part.7.tess	15	0	9	0
quintilian.institutio_oratoria.part.8.tess	3	1	0	0
quintilian.institutio_oratoria.part.9.tess	10	3	2	0
rutilius.de_reditu.tess	3	0	1	0
sallust.catilina.tess	0	0	1	0
sallust.histories.tess	0	0	1	0
sallust.jugurtha.tess	6	0	7	1
scriptores_historiae_augustae.historia_augusta.part.1.books_1-5.tess	12	5	8	8
scriptores_historiae_augustae.historia_augusta.part.2.books_6-10.tess	7	5	5	3
scriptores_historiae_augustae.historia_augusta.part.3.books_11-15.tess	6	1	8	1
scriptores_historiae_augustae.historia_augusta.part.4.books_16-21.tess	18	14	12	3
seneca.ad_lucilium_epistulae_morales.part.1.1-10.tess	0	0	0	0
seneca.ad_lucilium_epistulae_morales.part.10.91-100.tess	1	0	2	0
seneca.ad_lucilium_epistulae_morales.part.11.101-110.tess	1	0	0	0
seneca.ad_lucilium_epistulae_morales.part.12.111-120.tess	0	1	1	0
seneca.ad_lucilium_epistulae_morales.part.13.121-124.tess	0	0	0	0
seneca.ad_lucilium_epistulae_morales.part.2.11-20.tess	0	0	1	0
seneca.ad_lucilium_epistulae_morales.part.3.21-30.tess	1	0	0	0
seneca.ad_lucilium_epistulae_morales.part.4.31-40.tess	0	0	0	0
seneca.ad_lucilium_epistulae_morales.part.5.41-50.tess	0	1	0	0
seneca.ad_lucilium_epistulae_morales.part.6.51-60.tess	0	1	0	0
seneca.ad_lucilium_epistulae_morales.part.7.61-70.tess	0	0	0	0
seneca.ad_lucilium_epistulae_morales.part.8.71-80.tess	0	0	0	0
seneca.ad_lucilium_epistulae_morales.part.9.81-90.tess	0	0	0	0
seneca.agamemnon.tess	2	0	0	0
seneca.apocolocyntosis.tess	1	0	1	2
seneca.de_beneficiis.part.1.tess	0	0	0	0
seneca.de_beneficiis.part.2.tess	1	0	0	0
seneca.de_beneficiis.part.3.tess	11	0	4	0
seneca.de_beneficiis.part.4.tess	2	0	1	0
seneca.de_beneficiis.part.5.tess	4	0	3	0
seneca.de_beneficiis.part.6.tess	1	0	0	0
seneca.de_beneficiis.part.7.tess	0	0	0	0
seneca.de_brevitate_vitae.tess	0	0	0	1
seneca.de_clementia.tess	5	0	0	0
seneca.de_consolatione_ad_helviam.tess	2	6	1	2
seneca.de_consolatione_ad_marciam.tess	2	2	4	3
seneca.de_consolatione_ad_polybium.tess	0	0	0	0
seneca.de_constantia.tess	0	1	0	0
seneca.de_ira.tess	7	2	3	0
seneca.de_otio.tess	0	0	0	0
seneca.de_providentia.tess	0	0	0	0
seneca.de_tranquillitate_animi.tess	0	0	0	0
seneca.de_vita_beata.tess	0	0	0	0
seneca.hercules_furens.tess	2	0	0	0
seneca.hercules_oetaeus.tess	4	5	0	0
seneca.medea.tess	0	2	0	0
seneca.octavia.tess	1	0	0	0
seneca.oedipus.tess	0	0	0	0
seneca.phaedra.tess	1	0	0	0
seneca.phoenissae.tess	1	2	0	0
seneca.thyestes.tess	1	0	0	0
seneca.troades.tess	2	1	0	0
seneca_the_elder.controversiae.part.1.tess	61	6	13	2
seneca_the_elder.controversiae.part.10.tess	29	1	10	3
seneca_the_elder.controversiae.part.2.tess	46	3	18	1
seneca_the_elder.controversiae.part.7.tess	52	10	15	1
seneca_the_elder.controversiae.part.8.tess	23	9	9	17
seneca_the_elder.excerpta_controversiae.tess	84	9	39	8
seneca_the_elder.fragmenta.tess	1	0	0	0
seneca_the_elder.suasoriae.tess	0	0	2	0
servius_honoratus.in_virgilii_georgicon_libros_commentarius.part.1.tess	12	5	5	2
servius_honoratus.in_virgilii_georgicon_libros_commentarius.part.2.tess	6	2	0	0
servius_honoratus.in_virgilii_georgicon_libros_commentarius.part.3.tess	3	1	5	3
servius_honoratus.in_virgilii_georgicon_libros_commentarius.part.4.tess	3	4	3	3
silius_italicus.punica.part.1.tess	2	0	0	0
silius_italicus.punica.part.10.tess	1	0	0	0
silius_italicus.punica.part.11.tess	1	2	0	0
silius_italicus.punica.part.12.tess	3	0	0	0
silius_italicus.punica.part.13.tess	1	2	0	0
silius_italicus.punica.part.14.tess	2	0	0	0
silius_italicus.punica.part.15.tess	2	1	0	0
silius_italicus.punica.part.16.tess	6	1	0	0
silius_italicus.punica.part.17.tess	0	1	0	0
silius_italicus.punica.part.2.tess	1	1	0	0
silius_italicus.punica.part.3.tess	4	0	0	0
silius_italicus.punica.part.4.tess	4	0	0	0
silius_italicus.punica.part.5.tess	2	2	0	0
silius_italicus.punica.part.6.tess	1	1	0	0
silius_italicus.punica.part.7.tess	0	1	0	0
silius_italicus.punica.part.8.tess	1	0	0	0
silius_italicus.punica.part.9.tess	2	0	0	0
statius.achilleid.tess	6	8	0	0
statius.silvae.part.1.tess	7	3	0	0
statius.silvae.part.2.tess	3	0	0	0
statius.silvae.part.3.tess	8	3	1	0
statius.silvae.part.4.tess	3	0	0	0
statius.silvae.part.5.tess	7	1	0	0
statius.thebaid.part.1.tess	3	2	0	0
statius.thebaid.part.10.tess	8	2	0	0
statius.thebaid.part.11.tess	10	7	0	0
statius.thebaid.part.12.tess	4	2	0	0
statius.thebaid.part.2.tess	3	1	0	0
statius.thebaid.part.3.tess	12	2	0	1
statius.thebaid.part.4.tess	5	3	0	0
statius.thebaid.part.5.tess	7	3	0	0
statius.thebaid.part.6.tess	5	2	0	0
statius.thebaid.part.7.tess	13	4	0	0
statius.thebaid.part.8.tess	1	3	0	0
statius.thebaid.part.9.tess	4	7	0	0
suetonius.de_vita_caesarum.part.1.julius.tess	2	3	1	0
suetonius.de_vita_caesarum.part.10.vespasian.tess	0	0	2	0
suetonius.de_vita_caesarum.part.11.titus.tess	2	0	0	1
suetonius.de_vita_caesarum.part.12.domitian.tess	1	0	0	0
suetonius.de_vita_caesarum.part.2.augustus.tess	8	0	1	3
suetonius.de_vita_caesarum.part.3.tiberius.tess	1	3	2	0
suetonius.de_vita_caesarum.part.4.caligula.tess	2	0	3	4
suetonius.de_vita_caesarum.part.5.claudius.tess	2	1	0	0
suetonius.de_vita_caesarum.part.6.nero.tess	1	2	1	0
suetonius.de_vita_caesarum.part.7.galba.tess	3	0	0	0
suetonius.de_vita_caesarum.part.8.otho.tess	2	0	0	0
suetonius.de_vita_caesarum.part.9.vitellius.tess	1	1	2	1
tacitus.agricola.tess	1	1	0	2
tacitus.annales.part.1.tess	3	2	6	2
tacitus.annales.part.11.tess	0	1	1	0
tacitus.annales.part.12.tess	1	2	2	3
tacitus.annales.part.13.tess	0	1	1	1
tacitus.annales.part.14.tess	0	0	0	0
tacitus.annales.part.15.tess	0	1	1	1
tacitus.annales.part.16.tess	2	0	0	3
tacitus.annales.part.2.tess	1	1	3	2
tacitus.annales.part.3.tess	0	1	2	1
tacitus.annales.part.4.tess	4	3	3	1
tacitus.annales.part.5.tess	0	1	1	0
tacitus.annales.part.6.tess	3	2	1	1
tacitus.de_origine_et_situ_germanorum_liber.tess	2	1	1	0
tacitus.dialogus_de_oratoribus.tess	0	0	1	0
tacitus.historiae.part.1.tess	1	1	1	2
tacitus.historiae.part.2.tess	2	1	1	0
tacitus.historiae.part.3.tess	0	0	2	0
tacitus.historiae.part.4.tess	2	0	1	0
tacitus.historiae.part.5.tess	0	0	0	0
terence.adelphi.tess	27	3	2	0
terence.andria.tess	22	0	3	1
terence.eunuchus.tess	5	6	0	1
terence.heautontimorumenos.tess	20	3	7	4
terence.hecyra.tess	14	9	1	3
terence.phormio.tess	12	3	5	1
tertullian.apologeticum.tess	2	1	6	0
tertullian.de_spectaculis.tess	0	0	2	0
tibullus.elegies.tess	8	4	2	3
valerius_flaccus.argonautica.part.1.tess	12	2	0	1
valerius_flaccus.argonautica.part.2.tess	9	2	0	0
valerius_flaccus.argonautica.part.3.tess	5	0	0	0
valerius_flaccus.argonautica.part.4.tess	9	0	0	0
valerius_flaccus.argonautica.part.5.tess	6	1	1	0
valerius_flaccus.argonautica.part.6.tess	7	1	0	0
valerius_flaccus.argonautica.part.7.tess	6	5	0	1
valerius_flaccus.argonautica.part.8.tess	5	1	0	0
valerius_maximus.facta_et_dicta_memorabilia.part.1.tess	2	1	4	1
valerius_maximus.facta_et_dicta_memorabilia.part.2.tess	4	1	1	1
valerius_maximus.facta_et_dicta_memorabilia.part.3.tess	1	0	4	1
valerius_maximus.facta_et_dicta_memorabilia.part.4.tess	0	3	1	2
valerius_maximus.facta_et_dicta_memorabilia.part.5.tess	7	3	7	2
valerius_maximus.facta_et_dicta_memorabilia.part.6.tess	3	1	5	0
valerius_maximus.facta_et_dicta_memorabilia.part.7.tess	4	1	2	0
valerius_maximus.facta_et_dicta_memorabilia.part.8.tess	3	2	2	2
valerius_maximus.facta_et_dicta_memorabilia.part.9.tess	4	1	0	1
vergil.aeneid.part.1.tess	6	1	2	0
vergil.aeneid.part.10.tess	10	4	2	0
vergil.aeneid.part.11.tess	8	1	1	0
vergil.aeneid.part.12.tess	9	2	0	1
vergil.aeneid.part.2.tess	9	0	0	0
vergil.aeneid.part.3.tess	14	1	0	0
vergil.aeneid.part.4.tess	3	0	0	0
vergil.aeneid.part.5.tess	13	1	0	0
vergil.aeneid.part.6.tess	9	2	1	0
vergil.aeneid.part.7.tess	16	2	4	2
vergil.aeneid.part.8.tess	12	2	2	1
vergil.aeneid.part.9.tess	6	1	2	0
vergil.eclogues.tess	2	5	0	0
vergil.georgics.part.1.tess	4	1	0	0
vergil.georgics.part.2.tess	3	0	0	0
vergil.georgics.part.3.tess	0	0	0	0
vergil.georgics.part.4.tess	2	5	0	0
vitruvius.de_architectura.part.1.tess	0	0	0	0
vitruvius.de_architectura.part.10.tess	0	0	2	0
vitruvius.de_architectura.part.2.tess	0	0	0	0
vitruvius.de_architectura.part.3.tess	0	0	0	0
vitruvius.de_architectura.part.4.tess	0	0	1	0
vitruvius.de_architectura.part.5.tess	0	0	0	0
vitruvius.de_architectura.part.6.tess	0	0	0	0
vitruvius.de_architectura.part.7.tess	0	0	0	0
vitruvius.de_architectura.part.8.tess	0	0	1	0
vitruvius.de_architectura.part.9.tess	0	0	0	0
